"","cluster","CI_low","CI_high"
"PBK",0.135473558563435,0.0606454122157377,0.302629405907111
